Hình ảnh,Thương lượng giá,Ngân hàng bảo lãnh
cho xin ảnh,giảm không,"ngân hàng,hỗ trợ"
cho xin hình ảnh,giảm ko,"ngân hàng,bảo lãnh"
cho xem ảnh,giảm k,"ngân hàng,cho vay"
cho xem hình ảnh,giảm hông,"ngân hàng,vay"
cho coi ảnh,giảm kg,"ngân hàng,tài trợ"
cho coi hình ảnh,có bớt không,"n.hàng,hỗ trợ"
cho xin anh,có bớt ko,"n.hàng,bảo lãnh"
cho xin hinh anh,có bớt k,"n.hàng,cho vay"
cho xem anh,có bớt hông,"n.hàng,vay"
cho xem hinh anh,có bớt kg,"n.hàng,tài trợ"
cho coi anh,không giảm à,
cho coi hinh anh,không giảm ah,
,không giảm hả,
,không giảm sao,
,không bớt à,
,không bớt ah,
,không bớt hả,
,không bớt sao,
,không hạ à,
,không hạ ah,
,không hạ hả,
,không hạ sao,
,ko giảm à,
,ko giảm ah,
,ko giảm hả,
,ko giảm sao,
,ko bớt à,
,ko bớt ah,
,ko bớt hả,
,ko bớt sao,
,ko hạ à,
,ko hạ ah,
,ko hạ hả,
,ko hạ sao,
,k giảm à,
,k giảm ah,
,k giảm hả,
,k giảm sao,
,k bớt à,
,k bớt ah,
,k bớt hả,
,k bớt sao,
,k hạ à,
,k hạ ah,
,k hạ hả,
,k hạ sao,
,hông giảm à,
,hông giảm ah,
,hông giảm hả,
,hông giảm sao,
,hông bớt à,
,hông bớt ah,
,hông bớt hả,
,hông bớt sao,
,hông hạ à,
,hông hạ ah,
,hông hạ hả,
,hông hạ sao,
,kg giảm à,
,kg giảm ah,
,kg giảm hả,
,kg giảm sao,
,kg bớt à,
,kg bớt ah,
,kg bớt hả,
,kg bớt sao,
,kg hạ à,
,kg hạ ah,
,kg hạ hả,
,kg hạ sao,
