,Comment,Type,User_Id,Intent,PIC
0,"Hay
",comments,https://www.facebook.com100008354801713,,
1,"Ai h√πn mua k
",comments,https://www.facebook.com100004051804415,,
2,"L√†m cƒÉn ƒëi ƒê·∫≠u ƒê·∫≠uu
",comments,https://www.facebook.com100025086530251,Tag b·∫°n b√®,Hu·ª≥nh Ng·ªçc Thi·ªán
3,"Ho√†ng Y·∫øn ch·ªó em n√≥i n√®
",comments,https://www.facebook.com100000296181282,Tag b·∫°n b√®,Hu·ª≥nh Ng·ªçc Thi·ªán
4,"·ªû ƒë∆∞·ªùng n√†o vay
",comments,https://www.facebook.com100006803379968,,
5,"Tr·∫ßn Trang l√†m cƒÉn ƒëi e
",comments,https://www.facebook.com100025218019876,Tag b·∫°n b√®,Hu·ª≥nh Ng·ªçc Thi·ªán
6,"Gia a oi
",comments,https://www.facebook.com100004991496141,H·ªèi gi√°,KHANG
7,"Oanh le
",comments,https://www.facebook.com100007121790187,,
8,"Nh√† n√†y di·ªán t√≠ch bao nhi√™u v·∫≠y b·∫°n
",comments,https://www.facebook.com100010186260543,H√¨nh th·ª©c kinh doanh,Hi·∫øu
9,"Toi ·ªü ph∆∞∆°ÃÄng 3tay ninh,kh√¥ng bi·∫øt ch√¥ nao
",comments,https://www.facebook.com100009376604189,,
10,"Hay
",comments,https://www.facebook.com100008354801713,,
11,"Gia a oi
",comments,https://www.facebook.com100004991496141,H·ªèi gi√°,KHANG
12,"Oanh le
",comments,https://www.facebook.com100007121790187,,
13,"Ai h√πn mua k
",comments,https://www.facebook.com100004051804415,,
14,"L√†m cƒÉn ƒëi ƒê·∫≠u ƒê·∫≠uu
",comments,https://www.facebook.com100025086530251,Tag b·∫°n b√®,Hu·ª≥nh Ng·ªçc Thi·ªán
15,"Hay
",comments,https://www.facebook.com100008354801713,,
16,"Gia a oi
",comments,https://www.facebook.com100004991496141,H·ªèi gi√°,KHANG
17,"Oanh le
",comments,https://www.facebook.com100007121790187,,
18,"Ai h√πn mua k
",comments,https://www.facebook.com100004051804415,,
19,"L√†m cƒÉn ƒëi ƒê·∫≠u ƒê·∫≠uu
",comments,https://www.facebook.com100025086530251,Tag b·∫°n b√®,Hu·ª≥nh Ng·ªçc Thi·ªán
20,"Hay
",comments,https://www.facebook.com100008354801713,,
21,"Gia a oi
",comments,https://www.facebook.com100004991496141,H·ªèi gi√°,KHANG
22,"Oanh le
",comments,https://www.facebook.com100007121790187,,
23,"Ai h√πn mua k
",comments,https://www.facebook.com100004051804415,,
24,"L√†m cƒÉn ƒëi ƒê·∫≠u ƒê·∫≠uu
",comments,https://www.facebook.com100025086530251,Tag b·∫°n b√®,Hu·ª≥nh Ng·ªçc Thi·ªán
25,"Hay
",comments,https://www.facebook.com100008354801713,,
26,"Gia a oi
",comments,https://www.facebook.com100004991496141,H·ªèi gi√°,KHANG
27,"Oanh le
",comments,https://www.facebook.com100007121790187,,
28,"Ai h√πn mua k
",comments,https://www.facebook.com100004051804415,,
29,"L√†m cƒÉn ƒëi ƒê·∫≠u ƒê·∫≠uu
",comments,https://www.facebook.com100025086530251,Tag b·∫°n b√®,Hu·ª≥nh Ng·ªçc Thi·ªán
30,"Hay
",comments,https://www.facebook.com100008354801713,,
31,"Gia a oi
",comments,https://www.facebook.com100004991496141,H·ªèi gi√°,KHANG
32,"Oanh le
",comments,https://www.facebook.com100007121790187,,
33,"Ai h√πn mua k
",comments,https://www.facebook.com100004051804415,,
34,"L√†m cƒÉn ƒëi ƒê·∫≠u ƒê·∫≠uu
",comments,https://www.facebook.com100025086530251,Tag b·∫°n b√®,Hu·ª≥nh Ng·ªçc Thi·ªán
35,"Hay
",comments,https://www.facebook.com100008354801713,,
36,"Ai h√πn mua k
",comments,https://www.facebook.com100004051804415,,
37,"L√†m cƒÉn ƒëi ƒê·∫≠u ƒê·∫≠uu
",comments,https://www.facebook.com100025086530251,Tag b·∫°n b√®,Hu·ª≥nh Ng·ªçc Thi·ªán
38,"Gia a oi
",comments,https://www.facebook.com100004991496141,H·ªèi gi√°,KHANG
39,"Oanh le
",comments,https://www.facebook.com100007121790187,,
40,"Nh√† n√†y di·ªán t√≠ch bao nhi√™u v·∫≠y b·∫°n
",comments,https://www.facebook.com100010186260543,H√¨nh th·ª©c kinh doanh ,Hi·∫øu
41,"Toi ·ªü ph∆∞∆°ÃÄng 3tay ninh,kh√¥ng bi·∫øt ch√¥ nao
",comments,https://www.facebook.com100009376604189,,
42,"ƒêiÃ£a chi cu the
",comments,https://www.facebook.com100026892450093,,
43,"Cho minh dia chi dien tich
",comments,https://www.facebook.com100008022541527,Nh·∫Øn tin ri√™ng,Hu·ª≥nh Ng·ªçc Thi·ªán
44,".
",comments,https://www.facebook.com100005120940025,,
45,".
",comments,https://www.facebook.com100004809526014,,
46,"Inox m√¨nh
",comments,https://www.facebook.com100005041562149,Nh·∫Øn tin ri√™ng,Hu·ª≥nh Ng·ªçc Thi·ªán
47,"Nguy·ªÖn Nh·∫≠t m√¨nh s·∫Øp ƒë·ªß r√πi h·ªâ! C√≤n t·∫ßm 1ty950 n·ªØa üòÇüòÇüòÇ
",comments,https://www.facebook.com100000272503540,Tag b·∫°n b√®,Hu·ª≥nh Ng·ªçc Thi·ªán
48,".
",comments,https://www.facebook.com100015332018033,,
49,"Ib
",comments,https://www.facebook.com100008233807466,Nh·∫Øn tin ri√™ng,Hu·ª≥nh Ng·ªçc Thi·ªán
50,"ƒê·∫≠u ƒê·∫≠u l√™n T√¢y ninh ·ªü hehe
",comments,https://www.facebook.com100025086530251,Tag b·∫°n b√®,Hu·ª≥nh Ng·ªçc Thi·ªán
51,"Hu√Ωnh ƒê·ª´c 2 c e m√¨nh mua cƒÉn ·ªü h·ªâ üòÇüòÇüòÇ
",comments,https://www.facebook.com100000272503540,Tag b·∫°n b√®,Hu·ª≥nh Ng·ªçc Thi·ªán
52,"Inbox
",comments,https://www.facebook.com100003294178551,Nh·∫Øn tin ri√™ng,Hu·ª≥nh Ng·ªçc Thi·ªán
53,"Xin ƒëiÃ£a chi va dien tiÃÅch nha
",comments,https://www.facebook.com100003250873476,,
54,"Huy 0914981456 t∆∞ v·∫•n d√πm nha add
",comments,https://www.facebook.com100013776330586,Nh·∫Øn tin ri√™ng,Hu·ª≥nh Ng·ªçc Thi·ªán
55,"lh m√¨nh mu·ªën th√¥ng tin v·ªÅ nh√† ph·ªë 0937591533
",comments,https://www.facebook.com100004178233726,Nh·∫Øn tin ri√™ng,Hu·ª≥nh Ng·ªçc Thi·ªán
56,"Anh Ph∆∞∆°ng xem n√®.
",comments,https://www.facebook.com100008317490800,Tag b·∫°n b√®,Hu·ª≥nh Ng·ªçc Thi·ªán
57,"1 t·ªù vs
",comments,https://www.facebook.com100009957241734,,
58,"·ªû ƒë√¢u, khi n√†o b√°n v·∫≠y
",comments,https://www.facebook.com100003690203843,,
59,"M·ªπ Hoa mua nay o dc ne .. r·∫ª
",comments,https://www.facebook.com100010019683506,Tag b·∫°n b√®,Hu·ª≥nh Ng·ªçc Thi·ªán
60,"2 t·ªèi 2, v·ªÅ T√¢y Ninh ·ªü v·ªõi t ƒëi Hai Le. Kkk
",comments,https://www.facebook.com100001535033140,Tag b·∫°n b√®,Hu·ª≥nh Ng·ªçc Thi·ªán
61,"V·ªã tr√≠ d·ª± √°n n·∫±m trong h·∫ªm ch·ª© kh√¥ng ph·∫£i n·∫±m ngo√†i m·∫∑t ti·ªÅn ƒë√∫ng ko b·∫°n? C√≥ ph·∫£i ch·ªó nghƒ©a ƒë·ªãa m·ªõi gi·∫£i t·ªèa ko?
",comments,https://www.facebook.com100022669474712,Tag b·∫°n b√®,Hu·ª≥nh Ng·ªçc Thi·ªán
62,"Vi tri nam o dau vay ban
",comments,https://www.facebook.com100005990466784,,
63,"Cho bi·∫øt di·ªán t√≠ch ƒëi. Mu·ªën tham qyan th√¨ l√†m th·∫ø n√†o?
",comments,https://www.facebook.com100005396354268,"Tham quan, xem m·∫´u",Hu·ª≥nh Ng·ªçc Thi·ªán
64,"Vay v·ªën v·ªõi l√£i xu·∫•t bao nhi√™u
",comments,https://www.facebook.com100002456222050,Ph∆∞∆°ng th·ª©c thanh to√°n,Hi·∫øu
65,"Ib vi tri
",comments,https://www.facebook.com100007121790187,Nh·∫Øn tin ri√™ng,Hu·ª≥nh Ng·ªçc Thi·ªán
66,"Ib
",comments,https://www.facebook.com100018167829796,Nh·∫Øn tin ri√™ng,Hu·ª≥nh Ng·ªçc Thi·ªán
67,"Nha nay o dau
",comments,https://www.facebook.com100007420893185,,
68,"sao k th·∫•y ƒë·ªãa ch·ªâ v√† k√≠ch th∆∞·ªõc nh√† nh·ªâ ch·ªâ n√≥i chung chung
",comments,https://www.facebook.com100011649035843,H√¨nh th·ª©c kinh doanh,Hi·∫øu
69,"inbox
",comments,https://www.facebook.com100003352024731,Nh·∫Øn tin ri√™ng,Hu·ª≥nh Ng·ªçc Thi·ªán
70,"Xin thong tin ve bi√™ÃÅt thu mini
",comments,https://www.facebook.com100005583781010,H·ªèi th√¥ng tin chung chung,
71,"0943006363 can tu van
",comments,https://www.facebook.com100006356406061,Nh·∫Øn tin ri√™ng,Hu·ª≥nh Ng·ªçc Thi·ªán
72,"C√≥ th·ªÉ ib cho th√™m th√¥ng tin chi ti·∫øt ko ad?
",comments,https://www.facebook.com100005156044894,Nh·∫Øn tin ri√™ng,Hu·ª≥nh Ng·ªçc Thi·ªán
73,"Di·ªán t√≠ch bn ·∫°
",comments,https://www.facebook.com100006879397781,,
74,"Quan t√¢m
",comments,https://www.facebook.com100006707523840,Nh·∫Øn tin ri√™ng,Hu·ª≥nh Ng·ªçc Thi·ªán
75,"cho ƒëia ch·ªâ c·ª• th·ªÉ
",comments,https://www.facebook.com100021403410128,,
76,"Nha dt bao nhieu vay anh
",comments,https://www.facebook.com100014487679048,,
77,"Di·ªán t√≠ch bao nhi√™u v·∫≠y nh√† ƒë·∫ßu t∆∞
",comments,https://www.facebook.com100011460314697,,
78,"Nam o ƒëau?
",comments,https://www.facebook.com100015122893897,,
79,"ƒê·∫∑ng Ho√†ng Ti·ªÉu My khu n√†y ·ªü ƒë√¢u nh√¨n ƒë√£ z·∫°? ƒê·∫πp nh∆∞ ·ªü n∆∞·ªõc ngo√†i lu√¥n
",comments,https://www.facebook.com100004259862417,Tag b·∫°n b√®,Hu·ª≥nh Ng·ªçc Thi·ªán
80,"Dt b√°o nhi√™u m2 v·∫≠y trang tr√≠ n·ªôi th·∫•t ch∆∞a v·∫≠y
",comments,https://www.facebook.com100022259629048,,
81,"Bao m2 v√¢Ã£y ban
",comments,https://www.facebook.com100016730404911,,
82,"Dien tich bao nhiu.co noi that chua ma gia nhiu do zay ban.ho tro vay 1ty5 tra bao lau
",comments,https://www.facebook.com100005341627882,H·ªèi gi√°,KHANG
83,"Mu·ªën mua l·∫Øm nh∆∞ng thi·∫øu ti·ªÅn
",comments,https://www.facebook.com100012298388944,,
84,"M√¨nh mu·ªën thong tin v√† tu van t√¥i 0909556000
",comments,https://www.facebook.com100022952837214,Nh·∫Øn tin ri√™ng,Hu·ª≥nh Ng·ªçc Thi·ªán
85,"Khu n√†o g·∫ßn ƒë√¢u v·∫≠y ad
",comments,https://www.facebook.com100004414693887,,
86,"Cung m·ªõi mua h·∫£ th∆∞∆°ng
",comments,https://www.facebook.com100035734456962,,
87,"0908338792 tu van cho minh nhe b
",comments,https://www.facebook.com100009762185307,Nh·∫Øn tin ri√™ng,Hu·ª≥nh Ng·ªçc Thi·ªán
88,"Inbox v·ªã tr√≠ nha b·∫°n
",comments,https://www.facebook.com100007544503507,Nh·∫Øn tin ri√™ng,Hu·ª≥nh Ng·ªçc Thi·ªán
89,"cho m√¨nh th√¥ng tin c·ª• th·ªÉ.
",comments,https://www.facebook.com100001695640913,Nh·∫Øn tin ri√™ng,Hu·ª≥nh Ng·ªçc Thi·ªán
90,"Hay
",comments,https://www.facebook.com100008354801713,,
91,"Gia a oi
",comments,https://www.facebook.com100004991496141,H·ªèi gi√°,KHANG
92,"Oanh le
",comments,https://www.facebook.com100007121790187,,
93,"Ai h√πn mua k
",comments,https://www.facebook.com100004051804415,,
94,"L√†m cƒÉn ƒëi ƒê·∫≠u ƒê·∫≠uu
",comments,https://www.facebook.com100025086530251,Tag b·∫°n b√®,Hu·ª≥nh Ng·ªçc Thi·ªán
95,"Ib
",comments,https://www.facebook.com100007454146457,Nh·∫Øn tin ri√™ng,Hu·ª≥nh Ng·ªçc Thi·ªán
96,"Nh√† ho√†n thi·ªán ch∆∞a bao nhiu m2
",comments,https://www.facebook.com100010658102518,"H·ªèi , H√¨nh th·ª©c kinh doanh",KHANG Hi·∫øu
97,"Gh√©t nh·∫•t l√† Ib\n\nKh√°ch m√† d·∫´n d·∫Øt ƒëc th√¨ √≠t (Ko ƒëc nhi·ªÅu ƒë·ªëi t√°c) \nC·∫°nh tranh b·∫±ng c√¥ng khai qua ch·∫•t l∆∞·ª£ng, ƒë·ªãa ƒëi·ªÉm gi√°.... \n\nMu·ªën tham kh·∫£o m√† b·ªã d·∫´n d·∫Øt r·∫•t m·ªát
",comments,https://www.facebook.com100007329550440,"Tham quan, xem m·∫´u",Hu·ª≥nh Ng·ªçc Thi·ªán
98,"G·∫ßn nh√† m√¨nh n√® Anh Ph∆∞∆°ng .
",comments,https://www.facebook.com100008317490800,Tag b·∫°n b√®,Hu·ª≥nh Ng·ªçc Thi·ªán
99,"Ib nha ad
",comments,https://www.facebook.com100011715227708,Nh·∫Øn tin ri√™ng,Hu·ª≥nh Ng·ªçc Thi·ªán
100,"Ibox
",comments,https://www.facebook.com100035687543824,Nh·∫Øn tin ri√™ng,Hu·ª≥nh Ng·ªçc Thi·ªán
101,"B√°n nh√† m√† kh√¥ng ƒê·ªÉ ƒëi·ªán tho·∫°i kh√¥ng n√≥i r√µ ƒë·ªãa ch·ªâ ch·ªâ mua ·ªü ƒë√¢u l√™n tr·ªùi mua √†
",comments,https://www.facebook.com100021687557672,"Tag b·∫°n , H√¨nh th·ª©c kinh doanh",Hu·ª≥nh Ng·ªçc Thi·ªán
102,"Nguy·ªÖn Th·ªã Di·ªÖm Trinh keu chi lan mua ne.
",comments,https://www.facebook.com100000321341566,Tag b·∫°n b√®,Hu·ª≥nh Ng·ªçc Thi·ªán
103,"Noi to thong tin chi thiet , dt nhe .thanks
",comments,https://www.facebook.com100031187930681,Nh·∫Øn tin ri√™ng,Hu·ª≥nh Ng·ªçc Thi·ªán
104,"Ib nh√©
",comments,https://www.facebook.com100009752974790,Nh·∫Øn tin ri√™ng,Hu·ª≥nh Ng·ªçc Thi·ªán
105,"Ib
",comments,https://www.facebook.com100004164002541,Nh·∫Øn tin ri√™ng,Hu·ª≥nh Ng·ªçc Thi·ªán
106,"V·ªã tr√≠ n√†y ·ªü ƒë√¢u zi b·∫°n.
",comments,https://www.facebook.com100000408302948,,
107,"Inbox
",comments,https://www.facebook.com100001708872878,Nh·∫Øn tin ri√™ng,Hu·ª≥nh Ng·ªçc Thi·ªán
108,"V·ªã tr√≠ ·ªü ƒë√¢u ad
",comments,https://www.facebook.com100026132258137,,
109,"Inbox v·ªã tr√≠ nha b·∫°n
",comments,https://www.facebook.com100004263990788,Nh·∫Øn tin ri√™ng,Hu·ª≥nh Ng·ªçc Thi·ªán
110,"Ib
",comments,https://www.facebook.com100005654681295,Nh·∫Øn tin ri√™ng,Hu·ª≥nh Ng·ªçc Thi·ªán
111,"Inbox v·ªõi ad
",comments,https://www.facebook.com100029751982703,Nh·∫Øn tin ri√™ng,Hu·ª≥nh Ng·ªçc Thi·ªán
112,"V·ªã tr√≠ ·ªü ƒë√¢u v√¢y ·∫°
",comments,https://www.facebook.com100022725197671,,
113,"Inbox nha
",comments,https://www.facebook.com100004666658058,Nh·∫Øn tin ri√™ng,Hu·ª≥nh Ng·ªçc Thi·ªán
114,"Ib vi tri nha b
",comments,https://www.facebook.com100004856825347,Nh·∫Øn tin ri√™ng,Hu·ª≥nh Ng·ªçc Thi·ªán
115,"Inbox.
",comments,https://www.facebook.com100003742305536,Nh·∫Øn tin ri√™ng,Hu·ª≥nh Ng·ªçc Thi·ªán
116,"Ib v·ªã tr√≠ ·∫°
",comments,https://www.facebook.com100003184045186,Nh·∫Øn tin ri√™ng,Hu·ª≥nh Ng·ªçc Thi·ªán
117,"Ib
",comments,https://www.facebook.com100003481528146,Nh·∫Øn tin ri√™ng,Hu·ª≥nh Ng·ªçc Thi·ªán
118,"Inbox nha ban
",comments,https://www.facebook.com100007420055452,Nh·∫Øn tin ri√™ng,Hu·ª≥nh Ng·ªçc Thi·ªán
119,"Cho xin ƒë·ªãa ch·ªâ nha b·∫°n
",comments,https://www.facebook.com100006574488520,Nh·∫Øn tin ri√™ng,Hu·ª≥nh Ng·ªçc Thi·ªán
120,"inbox nha ad
",comments,https://www.facebook.com100008639673426,Nh·∫Øn tin ri√™ng,Hu·ª≥nh Ng·ªçc Thi·ªán
121,"Inbox nha
",comments,https://www.facebook.com100011283516349,Nh·∫Øn tin ri√™ng,Hu·ª≥nh Ng·ªçc Thi·ªán
122,".
",comments,https://www.facebook.com100005587927749,,
123,"·ªû ch·ªó n√†o v ad
",comments,https://www.facebook.com100000272503540,,
124,"Inbox v·ªõi ad
",comments,https://www.facebook.com100029751982703,Nh·∫Øn tin ri√™ng,Hu·ª≥nh Ng·ªçc Thi·ªán
125,"·ªû ƒë√¢u,xin ib.C·∫£m ∆°n
",comments,https://www.facebook.com100008615254323,Nh·∫Øn tin ri√™ng,Hu·ª≥nh Ng·ªçc Thi·ªán
126,"xin vi tri
",comments,https://www.facebook.com100009065430635,Nh·∫Øn tin ri√™ng,Hu·ª≥nh Ng·ªçc Thi·ªán
127,"Ib nh√©
",comments,https://www.facebook.com100025346106795,Nh·∫Øn tin ri√™ng,Hu·ª≥nh Ng·ªçc Thi·ªán
128,"Inbox v·ªã tr√≠ nha ban
",comments,https://www.facebook.com100017655558041,Nh·∫Øn tin ri√™ng,Hu·ª≥nh Ng·ªçc Thi·ªán
129,"Hay
",comments,https://www.facebook.com100008354801713,,
130,"Gia a oi
",comments,https://www.facebook.com100004991496141,H·ªèi gi√°,KHANG
131,"Oanh le
",comments,https://www.facebook.com100007121790187,,
132,"Ai h√πn mua k
",comments,https://www.facebook.com100004051804415,,
133,"L√†m cƒÉn ƒëi ƒê·∫≠u ƒê·∫≠uu
",comments,https://www.facebook.com100025086530251,Tag b·∫°n b√®,Hu·ª≥nh Ng·ªçc Thi·ªán
134,"Hay
",comments,https://www.facebook.com100008354801713,,
135,"Gia a oi
",comments,https://www.facebook.com100004991496141,H·ªèi gi√°,KHANG
136,"Oanh le
",comments,https://www.facebook.com100007121790187,,
137,"Ai h√πn mua k
",comments,https://www.facebook.com100004051804415,,
138,"L√†m cƒÉn ƒëi ƒê·∫≠u ƒê·∫≠uu
",comments,https://www.facebook.com100025086530251,Tag b·∫°n b√®,Hu·ª≥nh Ng·ªçc Thi·ªán
139,"C·∫ßn b√°n ·ªü t√¢n ch√¢u lien he 0986989152
",comments,https://www.facebook.com100036543825163,Nh·∫Øn tin ri√™ng,Hu·ª≥nh Ng·ªçc Thi·ªán
140,"B√°n Nh√† G·∫•p 1.7 T·ª∑ Ngay Ch·ª£ Th·ªã X√£.. \nAlo 0913.730.213 A ƒêi·ªÅn
",comments,https://www.facebook.com100002859521004,"Tag b·∫°n , H√¨nh th·ª©c kinh doanh",Hu·ª≥nh Ng·ªçc Thi·ªán
141,"H·∫° t·∫ßng Ok nh∆∞ng c√≤n v·∫Øng v·∫ª l·∫Øm to√†n CB ·ªü ƒëa s·ªë
",comments,https://www.facebook.com100010772925659,Tag b·∫°n b√®,Hu·ª≥nh Ng·ªçc Thi·ªán
142,"Quoc Thai
",comments,https://www.facebook.com100008047365941,Tag b·∫°n b√®,Hu·ª≥nh Ng·ªçc Thi·ªán
143,"Ib m√¨nh l√¥ 2 s·ªï nh√©
",comments,https://www.facebook.com100013982741557,"Nh·∫Øn tin , S·ªï h·ªìng/S·ªï ƒë·ªè","Hu·ª≥nh Ng·ªçc , Hi·∫øu"
144,"Thi√™n T√∫ L√¢m ngon n√® müòÉ
",comments,https://www.facebook.com100022028678650,Tag b·∫°n b√®,Hu·ª≥nh Ng·ªçc Thi·ªán
145,"
",comments,https://www.facebook.com100002249763067,,
146,"Quang Vinh Dang d·ª©t üòÇüòÇüòÇ
",comments,https://www.facebook.com100000374065325,Tag b·∫°n b√®,Hu·ª≥nh Ng·ªçc Thi·ªán
147,"H√≤a Ken coi b·ªô ƒëc ƒë√≥. T√©m ƒëi ku :D
",comments,https://www.facebook.com100001474480025,Tag b·∫°n b√®,Hu·ª≥nh Ng·ªçc Thi·ªán
148,"Mua n√® b√°n ƒëi
",comments,https://www.facebook.com100025049745450,,